-- MySQL dump 10.13  Distrib 8.0.44, for Win64 (x86_64)
--
-- Host: 127.0.0.1    Database: veterinariadb
-- ------------------------------------------------------
-- Server version	8.0.44

Drop database veterinariadb;
CREATE DATABASE IF NOT EXISTS veterinariadb;
USE veterinariadb;

/*!40101 SET @OLD_CHARACTER_SET_CLIENT=@@CHARACTER_SET_CLIENT */;
/*!40101 SET @OLD_CHARACTER_SET_RESULTS=@@CHARACTER_SET_RESULTS */;
/*!40101 SET @OLD_COLLATION_CONNECTION=@@COLLATION_CONNECTION */;
/*!50503 SET NAMES utf8 */;
/*!40103 SET @OLD_TIME_ZONE=@@TIME_ZONE */;
/*!40103 SET TIME_ZONE='+00:00' */;
/*!40014 SET @OLD_UNIQUE_CHECKS=@@UNIQUE_CHECKS, UNIQUE_CHECKS=0 */;
/*!40014 SET @OLD_FOREIGN_KEY_CHECKS=@@FOREIGN_KEY_CHECKS, FOREIGN_KEY_CHECKS=0 */;
/*!40101 SET @OLD_SQL_MODE=@@SQL_MODE, SQL_MODE='NO_AUTO_VALUE_ON_ZERO' */;
/*!40111 SET @OLD_SQL_NOTES=@@SQL_NOTES, SQL_NOTES=0 */;

--
-- Table structure for table `cita`
--

DROP TABLE IF EXISTS `cita`;
/*!40101 SET @saved_cs_client     = @@character_set_client */;
/*!50503 SET character_set_client = utf8mb4 */;
CREATE TABLE `cita` (
  `idCita` int NOT NULL AUTO_INCREMENT,
  `idMascota` int NOT NULL,
  `idVet` int NOT NULL,
  `idTipoServicio` int NOT NULL,
  `fechaCita` date NOT NULL,
  `horaCita` time NOT NULL,
  `motivo` text,
  `estado` varchar(20) DEFAULT 'Pendiente',
  `observaciones` text,
  PRIMARY KEY (`idCita`),
  KEY `idMascota` (`idMascota`),
  KEY `idVet` (`idVet`),
  KEY `idTipoServicio` (`idTipoServicio`),
  CONSTRAINT `cita_ibfk_1` FOREIGN KEY (`idMascota`) REFERENCES `mascota` (`idMascota`),
  CONSTRAINT `cita_ibfk_2` FOREIGN KEY (`idVet`) REFERENCES `veterinario` (`idVet`),
  CONSTRAINT `cita_ibfk_3` FOREIGN KEY (`idTipoServicio`) REFERENCES `tiposervicio` (`idTipoServicio`)
) ENGINE=InnoDB AUTO_INCREMENT=8 DEFAULT CHARSET=utf8mb4 COLLATE=utf8mb4_0900_ai_ci;
/*!40101 SET character_set_client = @saved_cs_client */;

--
-- Dumping data for table `cita`
--

LOCK TABLES `cita` WRITE;
/*!40000 ALTER TABLE `cita` DISABLE KEYS */;
INSERT INTO `cita` VALUES (1,1,1,2,'2026-06-11','01:53:00','fiebre','Atendida','estado de animo bajo'),(2,1,2,6,'2026-06-27','03:56:00','fasfa','Atendida','dfasdfasdfsadfasdfasdfsadf'),(3,1,16,1,'2026-06-16','15:25:00','fiebre','Atendida','presenta falta de apetito'),(5,2,20,5,'2026-06-20','09:14:00','esterilización','Atendida','retiro de ovarios y utero'),(6,9,21,4,'2026-06-21','17:30:00','perro muy asustado','Atendida','dolor en todo el cuerpo'),(7,6,21,1,'2026-06-21','05:05:00','assaasassdsdsd','Atendida','sdsdsdsdsaasdsaasd');
/*!40000 ALTER TABLE `cita` ENABLE KEYS */;
UNLOCK TABLES;

--
-- Table structure for table `cliente`
--

DROP TABLE IF EXISTS `cliente`;
/*!40101 SET @saved_cs_client     = @@character_set_client */;
/*!50503 SET character_set_client = utf8mb4 */;
CREATE TABLE `cliente` (
  `idCliente` int NOT NULL AUTO_INCREMENT,
  `dni` varchar(8) NOT NULL,
  `nombreCliente` varchar(100) NOT NULL,
  `apellidoCliente` varchar(100) NOT NULL,
  `telefono` varchar(20) DEFAULT NULL,
  `direccion` varchar(200) DEFAULT NULL,
  `correo` varchar(100) DEFAULT NULL,
  PRIMARY KEY (`idCliente`),
  UNIQUE KEY `dni` (`dni`)
) ENGINE=InnoDB AUTO_INCREMENT=11 DEFAULT CHARSET=utf8mb4 COLLATE=utf8mb4_0900_ai_ci;
/*!40101 SET character_set_client = @saved_cs_client */;

--
-- Dumping data for table `cliente`
--

LOCK TABLES `cliente` WRITE;
/*!40000 ALTER TABLE `cliente` DISABLE KEYS */;
INSERT INTO `cliente` VALUES (1,'12345699','Juan','Pérez','999888777','Av. Los Olivos 123','jperez@email.com'),(2,'87654399','María','García','999888778','Jr. Las Flores 456','mgarcia@email.com'),(5,'66725833','edgar','gomez','9454545456','jesus maria','asddd@hotmail.com');
/*!40000 ALTER TABLE `cliente` ENABLE KEYS */;
UNLOCK TABLES;

--
-- Table structure for table `especialidad`
--

DROP TABLE IF EXISTS `especialidad`;
/*!40101 SET @saved_cs_client     = @@character_set_client */;
/*!50503 SET character_set_client = utf8mb4 */;
CREATE TABLE `especialidad` (
  `codEsp` varchar(5) NOT NULL,
  `descripcion` varchar(100) NOT NULL,
  PRIMARY KEY (`codEsp`)
) ENGINE=InnoDB DEFAULT CHARSET=utf8mb4 COLLATE=utf8mb4_0900_ai_ci;
/*!40101 SET character_set_client = @saved_cs_client */;

--
-- Dumping data for table `especialidad`
--

LOCK TABLES `especialidad` WRITE;
/*!40000 ALTER TABLE `especialidad` DISABLE KEYS */;
INSERT INTO `especialidad` VALUES ('CIRUG','Cirugía Veterinaria'),('DER','Dermatología'),('FISRR','Fisioterapia'),('GRAL','Medicina General'),('NEU','Neurología'),('ODONT','Odontología'),('TRAU','Traumatología');
/*!40000 ALTER TABLE `especialidad` ENABLE KEYS */;
UNLOCK TABLES;

--
-- Table structure for table `especie`
--

DROP TABLE IF EXISTS `especie`;
/*!40101 SET @saved_cs_client     = @@character_set_client */;
/*!50503 SET character_set_client = utf8mb4 */;
CREATE TABLE `especie` (
  `idEspecie` int NOT NULL AUTO_INCREMENT,
  `nombreEspecie` varchar(50) NOT NULL,
  PRIMARY KEY (`idEspecie`),
  UNIQUE KEY `nombreEspecie` (`nombreEspecie`)
) ENGINE=InnoDB AUTO_INCREMENT=6 DEFAULT CHARSET=utf8mb4 COLLATE=utf8mb4_0900_ai_ci;
/*!40101 SET character_set_client = @saved_cs_client */;

--
-- Dumping data for table `especie`
--

LOCK TABLES `especie` WRITE;
/*!40000 ALTER TABLE `especie` DISABLE KEYS */;
INSERT INTO `especie` VALUES (4,'Ave'),(3,'Conejo'),(2,'Gato'),(5,'Hamster'),(1,'Perro');
/*!40000 ALTER TABLE `especie` ENABLE KEYS */;
UNLOCK TABLES;

--
-- Table structure for table `historialclinico`
--

DROP TABLE IF EXISTS `historialclinico`;
/*!40101 SET @saved_cs_client     = @@character_set_client */;
/*!50503 SET character_set_client = utf8mb4 */;
CREATE TABLE `historialclinico` (
  `idHistorial` int NOT NULL AUTO_INCREMENT,
  `idCita` int NOT NULL,
  `diagnostico` text,
  `tratamiento` text,
  `receta` text,
  `proximaCita` date DEFAULT NULL,
  `fechaRegistro` datetime DEFAULT CURRENT_TIMESTAMP,
  PRIMARY KEY (`idHistorial`),
  KEY `idCita` (`idCita`),
  CONSTRAINT `historialclinico_ibfk_1` FOREIGN KEY (`idCita`) REFERENCES `cita` (`idCita`)
) ENGINE=InnoDB AUTO_INCREMENT=12 DEFAULT CHARSET=utf8mb4 COLLATE=utf8mb4_0900_ai_ci;
/*!40101 SET character_set_client = @saved_cs_client */;

--
-- Dumping data for table `historialclinico`
--

LOCK TABLES `historialclinico` WRITE;
/*!40000 ALTER TABLE `historialclinico` DISABLE KEYS */;
INSERT INTO `historialclinico` VALUES (1,1,'cancer de higado','quimio mensual','pastillas con inyeccioners','2026-06-19','2026-06-15 23:28:25'),(2,1,'El tumor maligno primario más habitual es el carcinoma hepatocelula','Quimioterapia o radioterapia: Se utilizan para retrasar el avance de la enfermedad cuando el tumor no se puede operar','Cuidados paliativos y dieta: Cambios en la alimentación y suplementos bajo supervisión médica para mantener su calidad de vida','2026-06-27','2026-06-19 14:55:54'),(3,3,'fiebre muy alta','antibióticos','paracetamol','2026-06-28','2026-06-19 15:29:37'),(4,2,'desoaracitacion y lavado de oidos','shampoo especial 2 vces a la semana','mediacamentos','2026-06-27','2026-06-19 16:44:58'),(5,3,'lalalalalalalalaa','lelleelellelelele','yyyyyyyyyyyyyyy','2026-06-23','2026-06-19 16:52:56'),(6,5,'lalalalalalalalaaa','asdasdsadsa','ggggggggggg','2026-06-02','2026-06-19 17:01:37'),(7,5,'jjjjjjjjjjjjjjjjjjjj','eeeeeeeeeeeeeeeeeeeeeee','tttttttttttttttttttttt','2026-06-21','2026-06-19 17:12:51'),(8,5,'maulla todos los dias','calmante para dormir','msmsmmsmsms','2026-06-30','2026-06-19 17:22:19'),(9,6,'asdasdsdasadsad','dsdsdfsdsfdsafasd','asdasdfgfds','2026-06-29','2026-06-20 15:31:43'),(10,2,'fiebre  y sin animos','pastillas y ampoyas','asdsdsadsadasd','2026-06-22','2026-06-20 17:59:00'),(11,7,'asdsassssssssssssssssss','sssssssssssssssssssssssssssss','ssssssssssssssssssss','2026-06-28','2026-06-20 18:03:41');
/*!40000 ALTER TABLE `historialclinico` ENABLE KEYS */;
UNLOCK TABLES;

--
-- Table structure for table `mascota`
--

DROP TABLE IF EXISTS `mascota`;
/*!40101 SET @saved_cs_client     = @@character_set_client */;
/*!50503 SET character_set_client = utf8mb4 */;
CREATE TABLE `mascota` (
  `idMascota` int NOT NULL AUTO_INCREMENT,
  `nombreMascota` varchar(100) NOT NULL,
  `idEspecie` int NOT NULL,
  `raza` varchar(100) DEFAULT NULL,
  `edad` int DEFAULT NULL,
  `peso` decimal(5,2) DEFAULT NULL,
  `idCliente` int NOT NULL,
  `observaciones` text,
  PRIMARY KEY (`idMascota`),
  KEY `idEspecie` (`idEspecie`),
  KEY `idCliente` (`idCliente`),
  CONSTRAINT `mascota_ibfk_1` FOREIGN KEY (`idEspecie`) REFERENCES `especie` (`idEspecie`),
  CONSTRAINT `mascota_ibfk_2` FOREIGN KEY (`idCliente`) REFERENCES `cliente` (`idCliente`)
) ENGINE=InnoDB AUTO_INCREMENT=10 DEFAULT CHARSET=utf8mb4 COLLATE=utf8mb4_0900_ai_ci;
/*!40101 SET character_set_client = @saved_cs_client */;

--
-- Dumping data for table `mascota`
--

LOCK TABLES `mascota` WRITE;
/*!40000 ALTER TABLE `mascota` DISABLE KEYS */;
INSERT INTO `mascota` VALUES (1,'Rocky',1,'Labrador',3,25.50,1,'Muy activo, vacunas al día'),(2,'Michi',2,'Persa',2,4.20,2,'Alérgico a ciertos alimentos'),(6,'pantera',2,'tuxedo',2,2.00,1,'traviezo'),(8,'pepe',2,'siames',2,2.00,5,'muy activo'),(9,'limon',1,'labrador',3,54.00,5,'cansancio');
/*!40000 ALTER TABLE `mascota` ENABLE KEYS */;
UNLOCK TABLES;

--
-- Table structure for table `tiposervicio`
--

DROP TABLE IF EXISTS `tiposervicio`;
/*!40101 SET @saved_cs_client     = @@character_set_client */;
/*!50503 SET character_set_client = utf8mb4 */;
CREATE TABLE `tiposervicio` (
  `idTipoServicio` int NOT NULL AUTO_INCREMENT,
  `descripcion` varchar(100) NOT NULL,
  `precio` decimal(8,2) NOT NULL,
  PRIMARY KEY (`idTipoServicio`),
  UNIQUE KEY `descripcion` (`descripcion`)
) ENGINE=InnoDB AUTO_INCREMENT=10 DEFAULT CHARSET=utf8mb4 COLLATE=utf8mb4_0900_ai_ci;
/*!40101 SET character_set_client = @saved_cs_client */;

--
-- Dumping data for table `tiposervicio`
--

LOCK TABLES `tiposervicio` WRITE;
/*!40000 ALTER TABLE `tiposervicio` DISABLE KEYS */;
INSERT INTO `tiposervicio` VALUES (1,'Consulta General',59.00),(2,'Vacunación',80.00),(3,'Desparasitación',40.00),(4,'Cirugía Menor',350.00),(5,'Cirugía Mayor',800.00),(6,'Baño y Corte',60.00),(7,'Análisis de Sangre',120.00),(8,'Radiografía',150.00);
/*!40000 ALTER TABLE `tiposervicio` ENABLE KEYS */;
UNLOCK TABLES;

--
-- Table structure for table `tiposusuario`
--

DROP TABLE IF EXISTS `tiposusuario`;
/*!40101 SET @saved_cs_client     = @@character_set_client */;
/*!50503 SET character_set_client = utf8mb4 */;
CREATE TABLE `tiposusuario` (
  `idTipo` int NOT NULL AUTO_INCREMENT,
  `descripcion` varchar(100) NOT NULL,
  PRIMARY KEY (`idTipo`),
  UNIQUE KEY `descripcion` (`descripcion`)
) ENGINE=InnoDB AUTO_INCREMENT=4 DEFAULT CHARSET=utf8mb4 COLLATE=utf8mb4_0900_ai_ci;
/*!40101 SET character_set_client = @saved_cs_client */;

--
-- Dumping data for table `tiposusuario`
--

LOCK TABLES `tiposusuario` WRITE;
/*!40000 ALTER TABLE `tiposusuario` DISABLE KEYS */;
INSERT INTO `tiposusuario` VALUES (1,'Administrador'),(3,'Recepcionista'),(2,'Veterinario');
/*!40000 ALTER TABLE `tiposusuario` ENABLE KEYS */;
UNLOCK TABLES;

--
-- Table structure for table `usuarios`
--

DROP TABLE IF EXISTS `usuarios`;
/*!40101 SET @saved_cs_client     = @@character_set_client */;
/*!50503 SET character_set_client = utf8mb4 */;
CREATE TABLE `usuarios` (
  `idUsuario` int NOT NULL AUTO_INCREMENT,
  `username` varchar(50) NOT NULL,
  `clave` varchar(50) NOT NULL,
  `idTipo` int NOT NULL,
  PRIMARY KEY (`idUsuario`),
  UNIQUE KEY `username` (`username`),
  KEY `idTipo` (`idTipo`),
  CONSTRAINT `usuarios_ibfk_1` FOREIGN KEY (`idTipo`) REFERENCES `tiposusuario` (`idTipo`)
) ENGINE=InnoDB AUTO_INCREMENT=4 DEFAULT CHARSET=utf8mb4 COLLATE=utf8mb4_0900_ai_ci;
/*!40101 SET character_set_client = @saved_cs_client */;

--
-- Dumping data for table `usuarios`
--

LOCK TABLES `usuarios` WRITE;
/*!40000 ALTER TABLE `usuarios` DISABLE KEYS */;
INSERT INTO `usuarios` VALUES (1,'admin','admin123',1),(2,'drmartinez','vet123',2),(3,'recepcion','rec123',3);
/*!40000 ALTER TABLE `usuarios` ENABLE KEYS */;
UNLOCK TABLES;

--
-- Table structure for table `veterinario`
--

DROP TABLE IF EXISTS `veterinario`;
/*!40101 SET @saved_cs_client     = @@character_set_client */;
/*!50503 SET character_set_client = utf8mb4 */;
CREATE TABLE `veterinario` (
  `idVet` int NOT NULL AUTO_INCREMENT,
  `codVet` varchar(5) NOT NULL,
  `nombreVet` varchar(100) NOT NULL,
  `codEsp` varchar(5) NOT NULL,
  `telefono` varchar(20) DEFAULT NULL,
  `edad` int DEFAULT NULL,
  `correo` varchar(100) DEFAULT NULL,
  PRIMARY KEY (`idVet`),
  UNIQUE KEY `codVet` (`codVet`),
  KEY `codEsp` (`codEsp`),
  CONSTRAINT `veterinario_ibfk_1` FOREIGN KEY (`codEsp`) REFERENCES `especialidad` (`codEsp`)
) ENGINE=InnoDB AUTO_INCREMENT=23 DEFAULT CHARSET=utf8mb4 COLLATE=utf8mb4_0900_ai_ci;
/*!40101 SET character_set_client = @saved_cs_client */;

--
-- Dumping data for table `veterinario`
--

LOCK TABLES `veterinario` WRITE;
/*!40000 ALTER TABLE `veterinario` DISABLE KEYS */;
INSERT INTO `veterinario` VALUES (1,'V001','Dr. Carlos Martinez','GRAL','987654321',65,'cmartinez@vetclinic.com'),(2,'V002','Dra. Ana Lopez','DER','987654300',42,'alopez@vetclinic.com'),(3,'V003','Dr. Luis Torres','ODONT','987654323',38,'ltorres@vetclinic.com'),(16,'V005','Roberto','GRAL','9454545455',26,'roberto@gmail.com'),(20,'V007','david','NEU','255555565',35,'davidJ@hotmail.com'),(21,'V008','Yani','CIRUG','9454545400',27,'yani@hotmail.com');
/*!40000 ALTER TABLE `veterinario` ENABLE KEYS */;
UNLOCK TABLES;

--
-- Dumping routines for database 'veterinariadb'
--
/*!50003 DROP PROCEDURE IF EXISTS `sp_actualizarCita` */;
/*!50003 SET @saved_cs_client      = @@character_set_client */ ;
/*!50003 SET @saved_cs_results     = @@character_set_results */ ;
/*!50003 SET @saved_col_connection = @@collation_connection */ ;
/*!50003 SET character_set_client  = utf8mb4 */ ;
/*!50003 SET character_set_results = utf8mb4 */ ;
/*!50003 SET collation_connection  = utf8mb4_0900_ai_ci */ ;
/*!50003 SET @saved_sql_mode       = @@sql_mode */ ;
/*!50003 SET sql_mode              = 'ONLY_FULL_GROUP_BY,STRICT_TRANS_TABLES,NO_ZERO_IN_DATE,NO_ZERO_DATE,ERROR_FOR_DIVISION_BY_ZERO,NO_ENGINE_SUBSTITUTION' */ ;
DELIMITER ;;
CREATE DEFINER=`root`@`localhost` PROCEDURE `sp_actualizarCita`(
    IN p_id INT,
    IN p_idMascota INT,
    IN p_idVet INT,
    IN p_idTipoServicio INT,
    IN p_fecha DATE,
    IN p_hora TIME,
    IN p_motivo TEXT,
    IN p_estado VARCHAR(20),
    IN p_obs TEXT
)
BEGIN 
    UPDATE Cita 
    SET idMascota = p_idMascota, idVet = p_idVet, idTipoServicio = p_idTipoServicio,
        fechaCita = p_fecha, horaCita = p_hora, motivo = p_motivo,
        estado = p_estado, observaciones = p_obs
    WHERE idCita = p_id;
END ;;
DELIMITER ;
/*!50003 SET sql_mode              = @saved_sql_mode */ ;
/*!50003 SET character_set_client  = @saved_cs_client */ ;
/*!50003 SET character_set_results = @saved_cs_results */ ;
/*!50003 SET collation_connection  = @saved_col_connection */ ;
/*!50003 DROP PROCEDURE IF EXISTS `sp_actualizarCliente` */;
/*!50003 SET @saved_cs_client      = @@character_set_client */ ;
/*!50003 SET @saved_cs_results     = @@character_set_results */ ;
/*!50003 SET @saved_col_connection = @@collation_connection */ ;
/*!50003 SET character_set_client  = utf8mb4 */ ;
/*!50003 SET character_set_results = utf8mb4 */ ;
/*!50003 SET collation_connection  = utf8mb4_0900_ai_ci */ ;
/*!50003 SET @saved_sql_mode       = @@sql_mode */ ;
/*!50003 SET sql_mode              = 'ONLY_FULL_GROUP_BY,STRICT_TRANS_TABLES,NO_ZERO_IN_DATE,NO_ZERO_DATE,ERROR_FOR_DIVISION_BY_ZERO,NO_ENGINE_SUBSTITUTION' */ ;
DELIMITER ;;
CREATE DEFINER=`root`@`localhost` PROCEDURE `sp_actualizarCliente`(
    IN p_id INT,
    IN p_dni VARCHAR(8),
    IN p_nombre VARCHAR(100),
    IN p_apellido VARCHAR(100),
    IN p_telf VARCHAR(20),
    IN p_dir VARCHAR(200),
    IN p_correo VARCHAR(100)
)
BEGIN 
    UPDATE Cliente 
    SET dni = p_dni, nombreCliente = p_nombre, apellidoCliente = p_apellido,
        telefono = p_telf, direccion = p_dir, correo = p_correo
    WHERE idCliente = p_id;
END ;;
DELIMITER ;
/*!50003 SET sql_mode              = @saved_sql_mode */ ;
/*!50003 SET character_set_client  = @saved_cs_client */ ;
/*!50003 SET character_set_results = @saved_cs_results */ ;
/*!50003 SET collation_connection  = @saved_col_connection */ ;
/*!50003 DROP PROCEDURE IF EXISTS `sp_actualizarMascota` */;
/*!50003 SET @saved_cs_client      = @@character_set_client */ ;
/*!50003 SET @saved_cs_results     = @@character_set_results */ ;
/*!50003 SET @saved_col_connection = @@collation_connection */ ;
/*!50003 SET character_set_client  = utf8mb4 */ ;
/*!50003 SET character_set_results = utf8mb4 */ ;
/*!50003 SET collation_connection  = utf8mb4_0900_ai_ci */ ;
/*!50003 SET @saved_sql_mode       = @@sql_mode */ ;
/*!50003 SET sql_mode              = 'ONLY_FULL_GROUP_BY,STRICT_TRANS_TABLES,NO_ZERO_IN_DATE,NO_ZERO_DATE,ERROR_FOR_DIVISION_BY_ZERO,NO_ENGINE_SUBSTITUTION' */ ;
DELIMITER ;;
CREATE DEFINER=`root`@`localhost` PROCEDURE `sp_actualizarMascota`(
    IN p_id INT,
    IN p_nombre VARCHAR(100),
    IN p_idEspecie INT,
    IN p_raza VARCHAR(100),
    IN p_edad INT,
    IN p_peso DECIMAL(5,2),
    IN p_idCliente INT,
    IN p_obs TEXT
)
BEGIN 
    UPDATE Mascota 
    SET nombreMascota = p_nombre, idEspecie = p_idEspecie, raza = p_raza,
        edad = p_edad, peso = p_peso, idCliente = p_idCliente, observaciones = p_obs
    WHERE idMascota = p_id;
END ;;
DELIMITER ;
/*!50003 SET sql_mode              = @saved_sql_mode */ ;
/*!50003 SET character_set_client  = @saved_cs_client */ ;
/*!50003 SET character_set_results = @saved_cs_results */ ;
/*!50003 SET collation_connection  = @saved_col_connection */ ;
/*!50003 DROP PROCEDURE IF EXISTS `sp_actualizarTipoServicio` */;
/*!50003 SET @saved_cs_client      = @@character_set_client */ ;
/*!50003 SET @saved_cs_results     = @@character_set_results */ ;
/*!50003 SET @saved_col_connection = @@collation_connection */ ;
/*!50003 SET character_set_client  = utf8mb4 */ ;
/*!50003 SET character_set_results = utf8mb4 */ ;
/*!50003 SET collation_connection  = utf8mb4_0900_ai_ci */ ;
/*!50003 SET @saved_sql_mode       = @@sql_mode */ ;
/*!50003 SET sql_mode              = 'ONLY_FULL_GROUP_BY,STRICT_TRANS_TABLES,NO_ZERO_IN_DATE,NO_ZERO_DATE,ERROR_FOR_DIVISION_BY_ZERO,NO_ENGINE_SUBSTITUTION' */ ;
DELIMITER ;;
CREATE DEFINER=`root`@`localhost` PROCEDURE `sp_actualizarTipoServicio`(
    IN p_descripcion VARCHAR(150),
    IN p_precio DECIMAL(10, 2),
    IN p_idTipoServicio INT
)
BEGIN
    UPDATE TipoServicio 
    SET 
        descripcion = p_descripcion, 
        precio = p_precio 
    WHERE 
        idTipoServicio = p_idTipoServicio;
END ;;
DELIMITER ;
/*!50003 SET sql_mode              = @saved_sql_mode */ ;
/*!50003 SET character_set_client  = @saved_cs_client */ ;
/*!50003 SET character_set_results = @saved_cs_results */ ;
/*!50003 SET collation_connection  = @saved_col_connection */ ;
/*!50003 DROP PROCEDURE IF EXISTS `sp_actualizarUsuario` */;
/*!50003 SET @saved_cs_client      = @@character_set_client */ ;
/*!50003 SET @saved_cs_results     = @@character_set_results */ ;
/*!50003 SET @saved_col_connection = @@collation_connection */ ;
/*!50003 SET character_set_client  = utf8mb4 */ ;
/*!50003 SET character_set_results = utf8mb4 */ ;
/*!50003 SET collation_connection  = utf8mb4_0900_ai_ci */ ;
/*!50003 SET @saved_sql_mode       = @@sql_mode */ ;
/*!50003 SET sql_mode              = 'ONLY_FULL_GROUP_BY,STRICT_TRANS_TABLES,NO_ZERO_IN_DATE,NO_ZERO_DATE,ERROR_FOR_DIVISION_BY_ZERO,NO_ENGINE_SUBSTITUTION' */ ;
DELIMITER ;;
CREATE DEFINER=`root`@`localhost` PROCEDURE `sp_actualizarUsuario`(
    IN p_username VARCHAR(100),
    IN p_clave VARCHAR(255),
    IN p_idTipo INT,
    IN p_idUsuario INT
)
BEGIN
    UPDATE Usuarios 
    SET 
        username = p_username, 
        clave = p_clave, 
        idTipo = p_idTipo 
    WHERE 
        idUsuario = p_idUsuario;
END ;;
DELIMITER ;
/*!50003 SET sql_mode              = @saved_sql_mode */ ;
/*!50003 SET character_set_client  = @saved_cs_client */ ;
/*!50003 SET character_set_results = @saved_cs_results */ ;
/*!50003 SET collation_connection  = @saved_col_connection */ ;
/*!50003 DROP PROCEDURE IF EXISTS `sp_actualizarVeterinario` */;
/*!50003 SET @saved_cs_client      = @@character_set_client */ ;
/*!50003 SET @saved_cs_results     = @@character_set_results */ ;
/*!50003 SET @saved_col_connection = @@collation_connection */ ;
/*!50003 SET character_set_client  = utf8mb4 */ ;
/*!50003 SET character_set_results = utf8mb4 */ ;
/*!50003 SET collation_connection  = utf8mb4_0900_ai_ci */ ;
/*!50003 SET @saved_sql_mode       = @@sql_mode */ ;
/*!50003 SET sql_mode              = 'ONLY_FULL_GROUP_BY,STRICT_TRANS_TABLES,NO_ZERO_IN_DATE,NO_ZERO_DATE,ERROR_FOR_DIVISION_BY_ZERO,NO_ENGINE_SUBSTITUTION' */ ;
DELIMITER ;;
CREATE DEFINER=`root`@`localhost` PROCEDURE `sp_actualizarVeterinario`(
    IN p_id INT,
    IN p_codVet VARCHAR(5),
    IN p_nomVet VARCHAR(100),
    IN p_codEsp VARCHAR(5),
    IN p_telf VARCHAR(20),
    IN p_edad INT,
    IN p_correo VARCHAR(100)
)
BEGIN 
    UPDATE Veterinario 
    SET codVet = p_codVet, nombreVet = p_nomVet, codEsp = p_codEsp,
        telefono = p_telf, edad = p_edad, correo = p_correo
    WHERE idVet = p_id;
END ;;
DELIMITER ;
/*!50003 SET sql_mode              = @saved_sql_mode */ ;
/*!50003 SET character_set_client  = @saved_cs_client */ ;
/*!50003 SET character_set_results = @saved_cs_results */ ;
/*!50003 SET collation_connection  = @saved_col_connection */ ;
/*!50003 DROP PROCEDURE IF EXISTS `sp_buscarCitaByFecha` */;
/*!50003 SET @saved_cs_client      = @@character_set_client */ ;
/*!50003 SET @saved_cs_results     = @@character_set_results */ ;
/*!50003 SET @saved_col_connection = @@collation_connection */ ;
/*!50003 SET character_set_client  = utf8mb4 */ ;
/*!50003 SET character_set_results = utf8mb4 */ ;
/*!50003 SET collation_connection  = utf8mb4_0900_ai_ci */ ;
/*!50003 SET @saved_sql_mode       = @@sql_mode */ ;
/*!50003 SET sql_mode              = 'ONLY_FULL_GROUP_BY,STRICT_TRANS_TABLES,NO_ZERO_IN_DATE,NO_ZERO_DATE,ERROR_FOR_DIVISION_BY_ZERO,NO_ENGINE_SUBSTITUTION' */ ;
DELIMITER ;;
CREATE DEFINER=`root`@`localhost` PROCEDURE `sp_buscarCitaByFecha`(IN p_fecha DATE)
BEGIN 
    SELECT c.idCita, c.idMascota, c.idVet, c.idTipoServicio,
           c.fechaCita, c.horaCita, c.motivo, c.estado, c.observaciones,
           m.nombreMascota,
           CONCAT(cl.nombreCliente, ' ', cl.apellidoCliente) AS nombreCliente,
           v.nombreVet,
           ts.descripcion AS tipoServicio,
           ts.precio AS precio
    FROM Cita c
    INNER JOIN Mascota m ON c.idMascota = m.idMascota
    INNER JOIN Cliente cl ON m.idCliente = cl.idCliente
    INNER JOIN Veterinario v ON c.idVet = v.idVet
    INNER JOIN TipoServicio ts ON c.idTipoServicio = ts.idTipoServicio
    WHERE c.fechaCita = p_fecha
    ORDER BY c.horaCita;
END ;;
DELIMITER ;
/*!50003 SET sql_mode              = @saved_sql_mode */ ;
/*!50003 SET character_set_client  = @saved_cs_client */ ;
/*!50003 SET character_set_results = @saved_cs_results */ ;
/*!50003 SET collation_connection  = @saved_col_connection */ ;
/*!50003 DROP PROCEDURE IF EXISTS `sp_buscarClienteByDni` */;
/*!50003 SET @saved_cs_client      = @@character_set_client */ ;
/*!50003 SET @saved_cs_results     = @@character_set_results */ ;
/*!50003 SET @saved_col_connection = @@collation_connection */ ;
/*!50003 SET character_set_client  = utf8mb4 */ ;
/*!50003 SET character_set_results = utf8mb4 */ ;
/*!50003 SET collation_connection  = utf8mb4_0900_ai_ci */ ;
/*!50003 SET @saved_sql_mode       = @@sql_mode */ ;
/*!50003 SET sql_mode              = 'ONLY_FULL_GROUP_BY,STRICT_TRANS_TABLES,NO_ZERO_IN_DATE,NO_ZERO_DATE,ERROR_FOR_DIVISION_BY_ZERO,NO_ENGINE_SUBSTITUTION' */ ;
DELIMITER ;;
CREATE DEFINER=`root`@`localhost` PROCEDURE `sp_buscarClienteByDni`(IN p_dni VARCHAR(8))
BEGIN 
    SELECT idCliente, dni, nombreCliente, apellidoCliente,
           telefono, direccion, correo
    FROM Cliente
    WHERE dni LIKE CONCAT('%', p_dni, '%');
END ;;
DELIMITER ;
/*!50003 SET sql_mode              = @saved_sql_mode */ ;
/*!50003 SET character_set_client  = @saved_cs_client */ ;
/*!50003 SET character_set_results = @saved_cs_results */ ;
/*!50003 SET collation_connection  = @saved_col_connection */ ;
/*!50003 DROP PROCEDURE IF EXISTS `sp_buscarMascotaByNombre` */;
/*!50003 SET @saved_cs_client      = @@character_set_client */ ;
/*!50003 SET @saved_cs_results     = @@character_set_results */ ;
/*!50003 SET @saved_col_connection = @@collation_connection */ ;
/*!50003 SET character_set_client  = utf8mb4 */ ;
/*!50003 SET character_set_results = utf8mb4 */ ;
/*!50003 SET collation_connection  = utf8mb4_0900_ai_ci */ ;
/*!50003 SET @saved_sql_mode       = @@sql_mode */ ;
/*!50003 SET sql_mode              = 'ONLY_FULL_GROUP_BY,STRICT_TRANS_TABLES,NO_ZERO_IN_DATE,NO_ZERO_DATE,ERROR_FOR_DIVISION_BY_ZERO,NO_ENGINE_SUBSTITUTION' */ ;
DELIMITER ;;
CREATE DEFINER=`root`@`localhost` PROCEDURE `sp_buscarMascotaByNombre`(IN p_nombre VARCHAR(100))
BEGIN 
    SELECT m.idMascota, m.nombreMascota, m.idEspecie, m.raza,
           m.edad, m.peso, m.idCliente, m.observaciones,
           e.nombreEspecie,
           CONCAT(c.nombreCliente, ' ', c.apellidoCliente) AS nombreDueno
    FROM Mascota m
    INNER JOIN Especie e ON m.idEspecie = e.idEspecie
    INNER JOIN Cliente c ON m.idCliente = c.idCliente
    WHERE m.nombreMascota LIKE CONCAT('%', p_nombre, '%');
END ;;
DELIMITER ;
/*!50003 SET sql_mode              = @saved_sql_mode */ ;
/*!50003 SET character_set_client  = @saved_cs_client */ ;
/*!50003 SET character_set_results = @saved_cs_results */ ;
/*!50003 SET collation_connection  = @saved_col_connection */ ;
/*!50003 DROP PROCEDURE IF EXISTS `sp_buscarVeterinarioByNombre` */;
/*!50003 SET @saved_cs_client      = @@character_set_client */ ;
/*!50003 SET @saved_cs_results     = @@character_set_results */ ;
/*!50003 SET @saved_col_connection = @@collation_connection */ ;
/*!50003 SET character_set_client  = utf8mb4 */ ;
/*!50003 SET character_set_results = utf8mb4 */ ;
/*!50003 SET collation_connection  = utf8mb4_0900_ai_ci */ ;
/*!50003 SET @saved_sql_mode       = @@sql_mode */ ;
/*!50003 SET sql_mode              = 'ONLY_FULL_GROUP_BY,STRICT_TRANS_TABLES,NO_ZERO_IN_DATE,NO_ZERO_DATE,ERROR_FOR_DIVISION_BY_ZERO,NO_ENGINE_SUBSTITUTION' */ ;
DELIMITER ;;
CREATE DEFINER=`root`@`localhost` PROCEDURE `sp_buscarVeterinarioByNombre`(IN p_nombre VARCHAR(100))
BEGIN 
    SELECT v.idVet, v.codVet, v.nombreVet, v.codEsp,
           v.telefono, v.edad, v.correo, 
           e.descripcion AS nomEspecialidad
    FROM Veterinario v 
    INNER JOIN Especialidad e ON v.codEsp = e.codEsp
    WHERE v.nombreVet LIKE CONCAT('%', p_nombre, '%');
END ;;
DELIMITER ;
/*!50003 SET sql_mode              = @saved_sql_mode */ ;
/*!50003 SET character_set_client  = @saved_cs_client */ ;
/*!50003 SET character_set_results = @saved_cs_results */ ;
/*!50003 SET collation_connection  = @saved_col_connection */ ;
/*!50003 DROP PROCEDURE IF EXISTS `sp_cambiarEstadoCita` */;
/*!50003 SET @saved_cs_client      = @@character_set_client */ ;
/*!50003 SET @saved_cs_results     = @@character_set_results */ ;
/*!50003 SET @saved_col_connection = @@collation_connection */ ;
/*!50003 SET character_set_client  = utf8mb4 */ ;
/*!50003 SET character_set_results = utf8mb4 */ ;
/*!50003 SET collation_connection  = utf8mb4_0900_ai_ci */ ;
/*!50003 SET @saved_sql_mode       = @@sql_mode */ ;
/*!50003 SET sql_mode              = 'ONLY_FULL_GROUP_BY,STRICT_TRANS_TABLES,NO_ZERO_IN_DATE,NO_ZERO_DATE,ERROR_FOR_DIVISION_BY_ZERO,NO_ENGINE_SUBSTITUTION' */ ;
DELIMITER ;;
CREATE DEFINER=`root`@`localhost` PROCEDURE `sp_cambiarEstadoCita`(
    IN p_id INT,
    IN p_estado VARCHAR(20)
)
BEGIN 
    UPDATE Cita 
    SET estado = p_estado
    WHERE idCita = p_id;
END ;;
DELIMITER ;
/*!50003 SET sql_mode              = @saved_sql_mode */ ;
/*!50003 SET character_set_client  = @saved_cs_client */ ;
/*!50003 SET character_set_results = @saved_cs_results */ ;
/*!50003 SET collation_connection  = @saved_col_connection */ ;
/*!50003 DROP PROCEDURE IF EXISTS `sp_eliminarCita` */;
/*!50003 SET @saved_cs_client      = @@character_set_client */ ;
/*!50003 SET @saved_cs_results     = @@character_set_results */ ;
/*!50003 SET @saved_col_connection = @@collation_connection */ ;
/*!50003 SET character_set_client  = utf8mb4 */ ;
/*!50003 SET character_set_results = utf8mb4 */ ;
/*!50003 SET collation_connection  = utf8mb4_0900_ai_ci */ ;
/*!50003 SET @saved_sql_mode       = @@sql_mode */ ;
/*!50003 SET sql_mode              = 'ONLY_FULL_GROUP_BY,STRICT_TRANS_TABLES,NO_ZERO_IN_DATE,NO_ZERO_DATE,ERROR_FOR_DIVISION_BY_ZERO,NO_ENGINE_SUBSTITUTION' */ ;
DELIMITER ;;
CREATE DEFINER=`root`@`localhost` PROCEDURE `sp_eliminarCita`(IN p_id INT)
BEGIN 
    DELETE FROM Cita WHERE idCita = p_id;
END ;;
DELIMITER ;
/*!50003 SET sql_mode              = @saved_sql_mode */ ;
/*!50003 SET character_set_client  = @saved_cs_client */ ;
/*!50003 SET character_set_results = @saved_cs_results */ ;
/*!50003 SET collation_connection  = @saved_col_connection */ ;
/*!50003 DROP PROCEDURE IF EXISTS `sp_eliminarCliente` */;
/*!50003 SET @saved_cs_client      = @@character_set_client */ ;
/*!50003 SET @saved_cs_results     = @@character_set_results */ ;
/*!50003 SET @saved_col_connection = @@collation_connection */ ;
/*!50003 SET character_set_client  = utf8mb4 */ ;
/*!50003 SET character_set_results = utf8mb4 */ ;
/*!50003 SET collation_connection  = utf8mb4_0900_ai_ci */ ;
/*!50003 SET @saved_sql_mode       = @@sql_mode */ ;
/*!50003 SET sql_mode              = 'ONLY_FULL_GROUP_BY,STRICT_TRANS_TABLES,NO_ZERO_IN_DATE,NO_ZERO_DATE,ERROR_FOR_DIVISION_BY_ZERO,NO_ENGINE_SUBSTITUTION' */ ;
DELIMITER ;;
CREATE DEFINER=`root`@`localhost` PROCEDURE `sp_eliminarCliente`(IN p_id INT)
BEGIN 
    DELETE FROM Cliente WHERE idCliente = p_id;
END ;;
DELIMITER ;
/*!50003 SET sql_mode              = @saved_sql_mode */ ;
/*!50003 SET character_set_client  = @saved_cs_client */ ;
/*!50003 SET character_set_results = @saved_cs_results */ ;
/*!50003 SET collation_connection  = @saved_col_connection */ ;
/*!50003 DROP PROCEDURE IF EXISTS `sp_eliminarMascota` */;
/*!50003 SET @saved_cs_client      = @@character_set_client */ ;
/*!50003 SET @saved_cs_results     = @@character_set_results */ ;
/*!50003 SET @saved_col_connection = @@collation_connection */ ;
/*!50003 SET character_set_client  = utf8mb4 */ ;
/*!50003 SET character_set_results = utf8mb4 */ ;
/*!50003 SET collation_connection  = utf8mb4_0900_ai_ci */ ;
/*!50003 SET @saved_sql_mode       = @@sql_mode */ ;
/*!50003 SET sql_mode              = 'ONLY_FULL_GROUP_BY,STRICT_TRANS_TABLES,NO_ZERO_IN_DATE,NO_ZERO_DATE,ERROR_FOR_DIVISION_BY_ZERO,NO_ENGINE_SUBSTITUTION' */ ;
DELIMITER ;;
CREATE DEFINER=`root`@`localhost` PROCEDURE `sp_eliminarMascota`(IN p_id INT)
BEGIN 
    DELETE FROM Mascota WHERE idMascota = p_id;
END ;;
DELIMITER ;
/*!50003 SET sql_mode              = @saved_sql_mode */ ;
/*!50003 SET character_set_client  = @saved_cs_client */ ;
/*!50003 SET character_set_results = @saved_cs_results */ ;
/*!50003 SET collation_connection  = @saved_col_connection */ ;
/*!50003 DROP PROCEDURE IF EXISTS `sp_eliminarTipoServicio` */;
/*!50003 SET @saved_cs_client      = @@character_set_client */ ;
/*!50003 SET @saved_cs_results     = @@character_set_results */ ;
/*!50003 SET @saved_col_connection = @@collation_connection */ ;
/*!50003 SET character_set_client  = utf8mb4 */ ;
/*!50003 SET character_set_results = utf8mb4 */ ;
/*!50003 SET collation_connection  = utf8mb4_0900_ai_ci */ ;
/*!50003 SET @saved_sql_mode       = @@sql_mode */ ;
/*!50003 SET sql_mode              = 'ONLY_FULL_GROUP_BY,STRICT_TRANS_TABLES,NO_ZERO_IN_DATE,NO_ZERO_DATE,ERROR_FOR_DIVISION_BY_ZERO,NO_ENGINE_SUBSTITUTION' */ ;
DELIMITER ;;
CREATE DEFINER=`root`@`localhost` PROCEDURE `sp_eliminarTipoServicio`(
    IN p_idTipoServicio INT
)
BEGIN
    DELETE FROM TipoServicio 
    WHERE idTipoServicio = p_idTipoServicio;
END ;;
DELIMITER ;
/*!50003 SET sql_mode              = @saved_sql_mode */ ;
/*!50003 SET character_set_client  = @saved_cs_client */ ;
/*!50003 SET character_set_results = @saved_cs_results */ ;
/*!50003 SET collation_connection  = @saved_col_connection */ ;
/*!50003 DROP PROCEDURE IF EXISTS `sp_eliminarUsuario` */;
/*!50003 SET @saved_cs_client      = @@character_set_client */ ;
/*!50003 SET @saved_cs_results     = @@character_set_results */ ;
/*!50003 SET @saved_col_connection = @@collation_connection */ ;
/*!50003 SET character_set_client  = utf8mb4 */ ;
/*!50003 SET character_set_results = utf8mb4 */ ;
/*!50003 SET collation_connection  = utf8mb4_0900_ai_ci */ ;
/*!50003 SET @saved_sql_mode       = @@sql_mode */ ;
/*!50003 SET sql_mode              = 'ONLY_FULL_GROUP_BY,STRICT_TRANS_TABLES,NO_ZERO_IN_DATE,NO_ZERO_DATE,ERROR_FOR_DIVISION_BY_ZERO,NO_ENGINE_SUBSTITUTION' */ ;
DELIMITER ;;
CREATE DEFINER=`root`@`localhost` PROCEDURE `sp_eliminarUsuario`(
    IN p_idUsuario INT
)
BEGIN
    DELETE FROM Usuarios 
    WHERE idUsuario = p_idUsuario;
END ;;
DELIMITER ;
/*!50003 SET sql_mode              = @saved_sql_mode */ ;
/*!50003 SET character_set_client  = @saved_cs_client */ ;
/*!50003 SET character_set_results = @saved_cs_results */ ;
/*!50003 SET collation_connection  = @saved_col_connection */ ;
/*!50003 DROP PROCEDURE IF EXISTS `sp_eliminarVeterinario` */;
/*!50003 SET @saved_cs_client      = @@character_set_client */ ;
/*!50003 SET @saved_cs_results     = @@character_set_results */ ;
/*!50003 SET @saved_col_connection = @@collation_connection */ ;
/*!50003 SET character_set_client  = utf8mb4 */ ;
/*!50003 SET character_set_results = utf8mb4 */ ;
/*!50003 SET collation_connection  = utf8mb4_0900_ai_ci */ ;
/*!50003 SET @saved_sql_mode       = @@sql_mode */ ;
/*!50003 SET sql_mode              = 'ONLY_FULL_GROUP_BY,STRICT_TRANS_TABLES,NO_ZERO_IN_DATE,NO_ZERO_DATE,ERROR_FOR_DIVISION_BY_ZERO,NO_ENGINE_SUBSTITUTION' */ ;
DELIMITER ;;
CREATE DEFINER=`root`@`localhost` PROCEDURE `sp_eliminarVeterinario`(IN p_id INT)
BEGIN 
    DELETE FROM Veterinario WHERE idVet = p_id;
END ;;
DELIMITER ;
/*!50003 SET sql_mode              = @saved_sql_mode */ ;
/*!50003 SET character_set_client  = @saved_cs_client */ ;
/*!50003 SET character_set_results = @saved_cs_results */ ;
/*!50003 SET collation_connection  = @saved_col_connection */ ;
/*!50003 DROP PROCEDURE IF EXISTS `sp_insertarTipoServicio` */;
/*!50003 SET @saved_cs_client      = @@character_set_client */ ;
/*!50003 SET @saved_cs_results     = @@character_set_results */ ;
/*!50003 SET @saved_col_connection = @@collation_connection */ ;
/*!50003 SET character_set_client  = utf8mb4 */ ;
/*!50003 SET character_set_results = utf8mb4 */ ;
/*!50003 SET collation_connection  = utf8mb4_0900_ai_ci */ ;
/*!50003 SET @saved_sql_mode       = @@sql_mode */ ;
/*!50003 SET sql_mode              = 'ONLY_FULL_GROUP_BY,STRICT_TRANS_TABLES,NO_ZERO_IN_DATE,NO_ZERO_DATE,ERROR_FOR_DIVISION_BY_ZERO,NO_ENGINE_SUBSTITUTION' */ ;
DELIMITER ;;
CREATE DEFINER=`root`@`localhost` PROCEDURE `sp_insertarTipoServicio`(
    IN p_descripcion VARCHAR(150),
    IN p_precio DECIMAL(10, 2)
)
BEGIN
    INSERT INTO TipoServicio(descripcion, precio) 
    VALUES(p_descripcion, p_precio);
END ;;
DELIMITER ;
/*!50003 SET sql_mode              = @saved_sql_mode */ ;
/*!50003 SET character_set_client  = @saved_cs_client */ ;
/*!50003 SET character_set_results = @saved_cs_results */ ;
/*!50003 SET collation_connection  = @saved_col_connection */ ;
/*!50003 DROP PROCEDURE IF EXISTS `sp_insertarUsuario` */;
/*!50003 SET @saved_cs_client      = @@character_set_client */ ;
/*!50003 SET @saved_cs_results     = @@character_set_results */ ;
/*!50003 SET @saved_col_connection = @@collation_connection */ ;
/*!50003 SET character_set_client  = utf8mb4 */ ;
/*!50003 SET character_set_results = utf8mb4 */ ;
/*!50003 SET collation_connection  = utf8mb4_0900_ai_ci */ ;
/*!50003 SET @saved_sql_mode       = @@sql_mode */ ;
/*!50003 SET sql_mode              = 'ONLY_FULL_GROUP_BY,STRICT_TRANS_TABLES,NO_ZERO_IN_DATE,NO_ZERO_DATE,ERROR_FOR_DIVISION_BY_ZERO,NO_ENGINE_SUBSTITUTION' */ ;
DELIMITER ;;
CREATE DEFINER=`root`@`localhost` PROCEDURE `sp_insertarUsuario`(
    IN p_username VARCHAR(100),
    IN p_clave VARCHAR(255),
    IN p_idTipo INT
)
BEGIN
    INSERT INTO Usuarios(username, clave, idTipo) 
    VALUES(p_username, p_clave, p_idTipo);
END ;;
DELIMITER ;
/*!50003 SET sql_mode              = @saved_sql_mode */ ;
/*!50003 SET character_set_client  = @saved_cs_client */ ;
/*!50003 SET character_set_results = @saved_cs_results */ ;
/*!50003 SET collation_connection  = @saved_col_connection */ ;
/*!50003 DROP PROCEDURE IF EXISTS `sp_listarCita` */;
/*!50003 SET @saved_cs_client      = @@character_set_client */ ;
/*!50003 SET @saved_cs_results     = @@character_set_results */ ;
/*!50003 SET @saved_col_connection = @@collation_connection */ ;
/*!50003 SET character_set_client  = utf8mb4 */ ;
/*!50003 SET character_set_results = utf8mb4 */ ;
/*!50003 SET collation_connection  = utf8mb4_0900_ai_ci */ ;
/*!50003 SET @saved_sql_mode       = @@sql_mode */ ;
/*!50003 SET sql_mode              = 'ONLY_FULL_GROUP_BY,STRICT_TRANS_TABLES,NO_ZERO_IN_DATE,NO_ZERO_DATE,ERROR_FOR_DIVISION_BY_ZERO,NO_ENGINE_SUBSTITUTION' */ ;
DELIMITER ;;
CREATE DEFINER=`root`@`localhost` PROCEDURE `sp_listarCita`()
BEGIN 
    SELECT c.idCita, c.idMascota, c.idVet, c.idTipoServicio,
           c.fechaCita, c.horaCita, c.motivo, c.estado, c.observaciones,
           m.nombreMascota,
           CONCAT(cl.nombreCliente, ' ', cl.apellidoCliente) AS nombreCliente,
           v.nombreVet,
           ts.descripcion AS tipoServicio,
           ts.precio
    FROM Cita c
    INNER JOIN Mascota m ON c.idMascota = m.idMascota
    INNER JOIN Cliente cl ON m.idCliente = cl.idCliente
    INNER JOIN Veterinario v ON c.idVet = v.idVet
    INNER JOIN TipoServicio ts ON c.idTipoServicio = ts.idTipoServicio
    ORDER BY c.fechaCita DESC, c.horaCita DESC;
END ;;
DELIMITER ;
/*!50003 SET sql_mode              = @saved_sql_mode */ ;
/*!50003 SET character_set_client  = @saved_cs_client */ ;
/*!50003 SET character_set_results = @saved_cs_results */ ;
/*!50003 SET collation_connection  = @saved_col_connection */ ;
/*!50003 DROP PROCEDURE IF EXISTS `sp_listarCliente` */;
/*!50003 SET @saved_cs_client      = @@character_set_client */ ;
/*!50003 SET @saved_cs_results     = @@character_set_results */ ;
/*!50003 SET @saved_col_connection = @@collation_connection */ ;
/*!50003 SET character_set_client  = utf8mb4 */ ;
/*!50003 SET character_set_results = utf8mb4 */ ;
/*!50003 SET collation_connection  = utf8mb4_0900_ai_ci */ ;
/*!50003 SET @saved_sql_mode       = @@sql_mode */ ;
/*!50003 SET sql_mode              = 'ONLY_FULL_GROUP_BY,STRICT_TRANS_TABLES,NO_ZERO_IN_DATE,NO_ZERO_DATE,ERROR_FOR_DIVISION_BY_ZERO,NO_ENGINE_SUBSTITUTION' */ ;
DELIMITER ;;
CREATE DEFINER=`root`@`localhost` PROCEDURE `sp_listarCliente`()
BEGIN 
    SELECT idCliente, dni, nombreCliente, apellidoCliente, 
           telefono, direccion, correo
    FROM Cliente;
END ;;
DELIMITER ;
/*!50003 SET sql_mode              = @saved_sql_mode */ ;
/*!50003 SET character_set_client  = @saved_cs_client */ ;
/*!50003 SET character_set_results = @saved_cs_results */ ;
/*!50003 SET collation_connection  = @saved_col_connection */ ;
/*!50003 DROP PROCEDURE IF EXISTS `sp_listarEspecialidad` */;
/*!50003 SET @saved_cs_client      = @@character_set_client */ ;
/*!50003 SET @saved_cs_results     = @@character_set_results */ ;
/*!50003 SET @saved_col_connection = @@collation_connection */ ;
/*!50003 SET character_set_client  = utf8mb4 */ ;
/*!50003 SET character_set_results = utf8mb4 */ ;
/*!50003 SET collation_connection  = utf8mb4_0900_ai_ci */ ;
/*!50003 SET @saved_sql_mode       = @@sql_mode */ ;
/*!50003 SET sql_mode              = 'ONLY_FULL_GROUP_BY,STRICT_TRANS_TABLES,NO_ZERO_IN_DATE,NO_ZERO_DATE,ERROR_FOR_DIVISION_BY_ZERO,NO_ENGINE_SUBSTITUTION' */ ;
DELIMITER ;;
CREATE DEFINER=`root`@`localhost` PROCEDURE `sp_listarEspecialidad`()
BEGIN
    SELECT codEsp, descripcion FROM Especialidad;
END ;;
DELIMITER ;
/*!50003 SET sql_mode              = @saved_sql_mode */ ;
/*!50003 SET character_set_client  = @saved_cs_client */ ;
/*!50003 SET character_set_results = @saved_cs_results */ ;
/*!50003 SET collation_connection  = @saved_col_connection */ ;
/*!50003 DROP PROCEDURE IF EXISTS `sp_listarEspecie` */;
/*!50003 SET @saved_cs_client      = @@character_set_client */ ;
/*!50003 SET @saved_cs_results     = @@character_set_results */ ;
/*!50003 SET @saved_col_connection = @@collation_connection */ ;
/*!50003 SET character_set_client  = utf8mb4 */ ;
/*!50003 SET character_set_results = utf8mb4 */ ;
/*!50003 SET collation_connection  = utf8mb4_0900_ai_ci */ ;
/*!50003 SET @saved_sql_mode       = @@sql_mode */ ;
/*!50003 SET sql_mode              = 'ONLY_FULL_GROUP_BY,STRICT_TRANS_TABLES,NO_ZERO_IN_DATE,NO_ZERO_DATE,ERROR_FOR_DIVISION_BY_ZERO,NO_ENGINE_SUBSTITUTION' */ ;
DELIMITER ;;
CREATE DEFINER=`root`@`localhost` PROCEDURE `sp_listarEspecie`()
BEGIN
    SELECT idEspecie, nombreEspecie FROM Especie;
END ;;
DELIMITER ;
/*!50003 SET sql_mode              = @saved_sql_mode */ ;
/*!50003 SET character_set_client  = @saved_cs_client */ ;
/*!50003 SET character_set_results = @saved_cs_results */ ;
/*!50003 SET collation_connection  = @saved_col_connection */ ;
/*!50003 DROP PROCEDURE IF EXISTS `sp_listarMascota` */;
/*!50003 SET @saved_cs_client      = @@character_set_client */ ;
/*!50003 SET @saved_cs_results     = @@character_set_results */ ;
/*!50003 SET @saved_col_connection = @@collation_connection */ ;
/*!50003 SET character_set_client  = utf8mb4 */ ;
/*!50003 SET character_set_results = utf8mb4 */ ;
/*!50003 SET collation_connection  = utf8mb4_0900_ai_ci */ ;
/*!50003 SET @saved_sql_mode       = @@sql_mode */ ;
/*!50003 SET sql_mode              = 'ONLY_FULL_GROUP_BY,STRICT_TRANS_TABLES,NO_ZERO_IN_DATE,NO_ZERO_DATE,ERROR_FOR_DIVISION_BY_ZERO,NO_ENGINE_SUBSTITUTION' */ ;
DELIMITER ;;
CREATE DEFINER=`root`@`localhost` PROCEDURE `sp_listarMascota`()
BEGIN 
    SELECT m.idMascota, m.nombreMascota, m.idEspecie, m.raza,
           m.edad, m.peso, m.idCliente, m.observaciones,
           e.nombreEspecie,
           CONCAT(c.nombreCliente, ' ', c.apellidoCliente) AS nombreDueno
    FROM Mascota m
    INNER JOIN Especie e ON m.idEspecie = e.idEspecie
    INNER JOIN Cliente c ON m.idCliente = c.idCliente;
END ;;
DELIMITER ;
/*!50003 SET sql_mode              = @saved_sql_mode */ ;
/*!50003 SET character_set_client  = @saved_cs_client */ ;
/*!50003 SET character_set_results = @saved_cs_results */ ;
/*!50003 SET collation_connection  = @saved_col_connection */ ;
/*!50003 DROP PROCEDURE IF EXISTS `sp_listarMascotasByCliente` */;
/*!50003 SET @saved_cs_client      = @@character_set_client */ ;
/*!50003 SET @saved_cs_results     = @@character_set_results */ ;
/*!50003 SET @saved_col_connection = @@collation_connection */ ;
/*!50003 SET character_set_client  = utf8mb4 */ ;
/*!50003 SET character_set_results = utf8mb4 */ ;
/*!50003 SET collation_connection  = utf8mb4_0900_ai_ci */ ;
/*!50003 SET @saved_sql_mode       = @@sql_mode */ ;
/*!50003 SET sql_mode              = 'ONLY_FULL_GROUP_BY,STRICT_TRANS_TABLES,NO_ZERO_IN_DATE,NO_ZERO_DATE,ERROR_FOR_DIVISION_BY_ZERO,NO_ENGINE_SUBSTITUTION' */ ;
DELIMITER ;;
CREATE DEFINER=`root`@`localhost` PROCEDURE `sp_listarMascotasByCliente`(IN p_idCliente INT)
BEGIN 
    SELECT m.idMascota, m.nombreMascota, m.idEspecie, m.raza,
           m.edad, m.peso, e.nombreEspecie
    FROM Mascota m
    INNER JOIN Especie e ON m.idEspecie = e.idEspecie
    WHERE m.idCliente = p_idCliente;
END ;;
DELIMITER ;
/*!50003 SET sql_mode              = @saved_sql_mode */ ;
/*!50003 SET character_set_client  = @saved_cs_client */ ;
/*!50003 SET character_set_results = @saved_cs_results */ ;
/*!50003 SET collation_connection  = @saved_col_connection */ ;
/*!50003 DROP PROCEDURE IF EXISTS `sp_listarTipoServicio` */;
/*!50003 SET @saved_cs_client      = @@character_set_client */ ;
/*!50003 SET @saved_cs_results     = @@character_set_results */ ;
/*!50003 SET @saved_col_connection = @@collation_connection */ ;
/*!50003 SET character_set_client  = utf8mb4 */ ;
/*!50003 SET character_set_results = utf8mb4 */ ;
/*!50003 SET collation_connection  = utf8mb4_0900_ai_ci */ ;
/*!50003 SET @saved_sql_mode       = @@sql_mode */ ;
/*!50003 SET sql_mode              = 'ONLY_FULL_GROUP_BY,STRICT_TRANS_TABLES,NO_ZERO_IN_DATE,NO_ZERO_DATE,ERROR_FOR_DIVISION_BY_ZERO,NO_ENGINE_SUBSTITUTION' */ ;
DELIMITER ;;
CREATE DEFINER=`root`@`localhost` PROCEDURE `sp_listarTipoServicio`()
BEGIN
    SELECT idTipoServicio, descripcion, precio FROM TipoServicio;
END ;;
DELIMITER ;
/*!50003 SET sql_mode              = @saved_sql_mode */ ;
/*!50003 SET character_set_client  = @saved_cs_client */ ;
/*!50003 SET character_set_results = @saved_cs_results */ ;
/*!50003 SET collation_connection  = @saved_col_connection */ ;
/*!50003 DROP PROCEDURE IF EXISTS `sp_listarVeterinario` */;
/*!50003 SET @saved_cs_client      = @@character_set_client */ ;
/*!50003 SET @saved_cs_results     = @@character_set_results */ ;
/*!50003 SET @saved_col_connection = @@collation_connection */ ;
/*!50003 SET character_set_client  = utf8mb4 */ ;
/*!50003 SET character_set_results = utf8mb4 */ ;
/*!50003 SET collation_connection  = utf8mb4_0900_ai_ci */ ;
/*!50003 SET @saved_sql_mode       = @@sql_mode */ ;
/*!50003 SET sql_mode              = 'ONLY_FULL_GROUP_BY,STRICT_TRANS_TABLES,NO_ZERO_IN_DATE,NO_ZERO_DATE,ERROR_FOR_DIVISION_BY_ZERO,NO_ENGINE_SUBSTITUTION' */ ;
DELIMITER ;;
CREATE DEFINER=`root`@`localhost` PROCEDURE `sp_listarVeterinario`()
BEGIN 
    SELECT v.idVet, v.codVet, v.nombreVet, v.codEsp,
           v.telefono, v.edad, v.correo,
           e.descripcion AS nomEspecialidad
    FROM Veterinario v
    INNER JOIN Especialidad e ON v.codEsp = e.codEsp;
END ;;
DELIMITER ;
/*!50003 SET sql_mode              = @saved_sql_mode */ ;
/*!50003 SET character_set_client  = @saved_cs_client */ ;
/*!50003 SET character_set_results = @saved_cs_results */ ;
/*!50003 SET collation_connection  = @saved_col_connection */ ;
/*!50003 DROP PROCEDURE IF EXISTS `sp_obtenerCita` */;
/*!50003 SET @saved_cs_client      = @@character_set_client */ ;
/*!50003 SET @saved_cs_results     = @@character_set_results */ ;
/*!50003 SET @saved_col_connection = @@collation_connection */ ;
/*!50003 SET character_set_client  = utf8mb4 */ ;
/*!50003 SET character_set_results = utf8mb4 */ ;
/*!50003 SET collation_connection  = utf8mb4_0900_ai_ci */ ;
/*!50003 SET @saved_sql_mode       = @@sql_mode */ ;
/*!50003 SET sql_mode              = 'ONLY_FULL_GROUP_BY,STRICT_TRANS_TABLES,NO_ZERO_IN_DATE,NO_ZERO_DATE,ERROR_FOR_DIVISION_BY_ZERO,NO_ENGINE_SUBSTITUTION' */ ;
DELIMITER ;;
CREATE DEFINER=`root`@`localhost` PROCEDURE `sp_obtenerCita`(IN p_id INT)
BEGIN
    SELECT c.idCita, c.idMascota, c.idVet, c.idTipoServicio,
           c.fechaCita, c.horaCita, c.motivo, c.estado, c.observaciones,
           m.nombreMascota,
           CONCAT(cl.nombreCliente, ' ', cl.apellidoCliente) AS nombreCliente,
           v.nombreVet,
           ts.descripcion AS tipoServicio,
           ts.precio
    FROM Cita c
    INNER JOIN Mascota m ON c.idMascota = m.idMascota
    INNER JOIN Cliente cl ON m.idCliente = cl.idCliente
    INNER JOIN Veterinario v ON c.idVet = v.idVet
    INNER JOIN TipoServicio ts ON c.idTipoServicio = ts.idTipoServicio
    WHERE c.idCita = p_id;
END ;;
DELIMITER ;
/*!50003 SET sql_mode              = @saved_sql_mode */ ;
/*!50003 SET character_set_client  = @saved_cs_client */ ;
/*!50003 SET character_set_results = @saved_cs_results */ ;
/*!50003 SET collation_connection  = @saved_col_connection */ ;
/*!50003 DROP PROCEDURE IF EXISTS `sp_obtenerCliente` */;
/*!50003 SET @saved_cs_client      = @@character_set_client */ ;
/*!50003 SET @saved_cs_results     = @@character_set_results */ ;
/*!50003 SET @saved_col_connection = @@collation_connection */ ;
/*!50003 SET character_set_client  = utf8mb4 */ ;
/*!50003 SET character_set_results = utf8mb4 */ ;
/*!50003 SET collation_connection  = utf8mb4_0900_ai_ci */ ;
/*!50003 SET @saved_sql_mode       = @@sql_mode */ ;
/*!50003 SET sql_mode              = 'ONLY_FULL_GROUP_BY,STRICT_TRANS_TABLES,NO_ZERO_IN_DATE,NO_ZERO_DATE,ERROR_FOR_DIVISION_BY_ZERO,NO_ENGINE_SUBSTITUTION' */ ;
DELIMITER ;;
CREATE DEFINER=`root`@`localhost` PROCEDURE `sp_obtenerCliente`(IN p_id INT)
BEGIN
    SELECT idCliente, dni, nombreCliente, apellidoCliente,
           telefono, direccion, correo
    FROM Cliente
    WHERE idCliente = p_id;
END ;;
DELIMITER ;
/*!50003 SET sql_mode              = @saved_sql_mode */ ;
/*!50003 SET character_set_client  = @saved_cs_client */ ;
/*!50003 SET character_set_results = @saved_cs_results */ ;
/*!50003 SET collation_connection  = @saved_col_connection */ ;
/*!50003 DROP PROCEDURE IF EXISTS `sp_obtenerHistorialById` */;
/*!50003 SET @saved_cs_client      = @@character_set_client */ ;
/*!50003 SET @saved_cs_results     = @@character_set_results */ ;
/*!50003 SET @saved_col_connection = @@collation_connection */ ;
/*!50003 SET character_set_client  = utf8mb4 */ ;
/*!50003 SET character_set_results = utf8mb4 */ ;
/*!50003 SET collation_connection  = utf8mb4_0900_ai_ci */ ;
/*!50003 SET @saved_sql_mode       = @@sql_mode */ ;
/*!50003 SET sql_mode              = 'ONLY_FULL_GROUP_BY,STRICT_TRANS_TABLES,NO_ZERO_IN_DATE,NO_ZERO_DATE,ERROR_FOR_DIVISION_BY_ZERO,NO_ENGINE_SUBSTITUTION' */ ;
DELIMITER ;;
CREATE DEFINER=`root`@`localhost` PROCEDURE `sp_obtenerHistorialById`(IN p_idHistorial INT)
BEGIN
    SELECT h.idHistorial, h.diagnostico, h.tratamiento,
           h.receta, h.proximaCita, h.fechaRegistro,
           v.nombreVet,
           ts.descripcion AS tipoServicio
    FROM HistorialClinico h
    INNER JOIN Cita c ON h.idCita = c.idCita
    INNER JOIN Veterinario v ON c.idVet = v.idVet
    INNER JOIN TipoServicio ts ON c.idTipoServicio = ts.idTipoServicio
    WHERE h.idHistorial = p_idHistorial;
END ;;
DELIMITER ;
/*!50003 SET sql_mode              = @saved_sql_mode */ ;
/*!50003 SET character_set_client  = @saved_cs_client */ ;
/*!50003 SET character_set_results = @saved_cs_results */ ;
/*!50003 SET collation_connection  = @saved_col_connection */ ;
/*!50003 DROP PROCEDURE IF EXISTS `sp_obtenerHistorialByMascota` */;
/*!50003 SET @saved_cs_client      = @@character_set_client */ ;
/*!50003 SET @saved_cs_results     = @@character_set_results */ ;
/*!50003 SET @saved_col_connection = @@collation_connection */ ;
/*!50003 SET character_set_client  = utf8mb4 */ ;
/*!50003 SET character_set_results = utf8mb4 */ ;
/*!50003 SET collation_connection  = utf8mb4_0900_ai_ci */ ;
/*!50003 SET @saved_sql_mode       = @@sql_mode */ ;
/*!50003 SET sql_mode              = 'ONLY_FULL_GROUP_BY,STRICT_TRANS_TABLES,NO_ZERO_IN_DATE,NO_ZERO_DATE,ERROR_FOR_DIVISION_BY_ZERO,NO_ENGINE_SUBSTITUTION' */ ;
DELIMITER ;;
CREATE DEFINER=`root`@`localhost` PROCEDURE `sp_obtenerHistorialByMascota`(IN p_idMascota INT)
BEGIN
    SELECT h.idHistorial, h.idCita, h.diagnostico, h.tratamiento,
           h.receta, h.proximaCita, h.fechaRegistro,
           c.fechaCita, c.horaCita, c.motivo,
           v.nombreVet,
           ts.descripcion AS tipoServicio
    FROM HistorialClinico h
    INNER JOIN Cita c ON h.idCita = c.idCita
    INNER JOIN Veterinario v ON c.idVet = v.idVet
    INNER JOIN TipoServicio ts ON c.idTipoServicio = ts.idTipoServicio
    WHERE c.idMascota = p_idMascota
    ORDER BY h.fechaRegistro DESC;
END ;;
DELIMITER ;
/*!50003 SET sql_mode              = @saved_sql_mode */ ;
/*!50003 SET character_set_client  = @saved_cs_client */ ;
/*!50003 SET character_set_results = @saved_cs_results */ ;
/*!50003 SET collation_connection  = @saved_col_connection */ ;
/*!50003 DROP PROCEDURE IF EXISTS `sp_obtenerMascota` */;
/*!50003 SET @saved_cs_client      = @@character_set_client */ ;
/*!50003 SET @saved_cs_results     = @@character_set_results */ ;
/*!50003 SET @saved_col_connection = @@collation_connection */ ;
/*!50003 SET character_set_client  = utf8mb4 */ ;
/*!50003 SET character_set_results = utf8mb4 */ ;
/*!50003 SET collation_connection  = utf8mb4_0900_ai_ci */ ;
/*!50003 SET @saved_sql_mode       = @@sql_mode */ ;
/*!50003 SET sql_mode              = 'ONLY_FULL_GROUP_BY,STRICT_TRANS_TABLES,NO_ZERO_IN_DATE,NO_ZERO_DATE,ERROR_FOR_DIVISION_BY_ZERO,NO_ENGINE_SUBSTITUTION' */ ;
DELIMITER ;;
CREATE DEFINER=`root`@`localhost` PROCEDURE `sp_obtenerMascota`(IN p_id INT)
BEGIN
    SELECT m.idMascota, m.nombreMascota, m.idEspecie, m.raza,
           m.edad, m.peso, m.idCliente, m.observaciones,
           e.nombreEspecie,
           CONCAT(c.nombreCliente, ' ', c.apellidoCliente) AS nombreDueno
    FROM Mascota m
    INNER JOIN Especie e ON m.idEspecie = e.idEspecie
    INNER JOIN Cliente c ON m.idCliente = c.idCliente
    WHERE m.idMascota = p_id;
END ;;
DELIMITER ;
/*!50003 SET sql_mode              = @saved_sql_mode */ ;
/*!50003 SET character_set_client  = @saved_cs_client */ ;
/*!50003 SET character_set_results = @saved_cs_results */ ;
/*!50003 SET collation_connection  = @saved_col_connection */ ;
/*!50003 DROP PROCEDURE IF EXISTS `sp_obtenerTipoServicioPorId` */;
/*!50003 SET @saved_cs_client      = @@character_set_client */ ;
/*!50003 SET @saved_cs_results     = @@character_set_results */ ;
/*!50003 SET @saved_col_connection = @@collation_connection */ ;
/*!50003 SET character_set_client  = utf8mb4 */ ;
/*!50003 SET character_set_results = utf8mb4 */ ;
/*!50003 SET collation_connection  = utf8mb4_0900_ai_ci */ ;
/*!50003 SET @saved_sql_mode       = @@sql_mode */ ;
/*!50003 SET sql_mode              = 'ONLY_FULL_GROUP_BY,STRICT_TRANS_TABLES,NO_ZERO_IN_DATE,NO_ZERO_DATE,ERROR_FOR_DIVISION_BY_ZERO,NO_ENGINE_SUBSTITUTION' */ ;
DELIMITER ;;
CREATE DEFINER=`root`@`localhost` PROCEDURE `sp_obtenerTipoServicioPorId`(
    IN p_idTipoServicio INT
)
BEGIN
    SELECT * FROM TipoServicio 
    WHERE idTipoServicio = p_idTipoServicio;
END ;;
DELIMITER ;
/*!50003 SET sql_mode              = @saved_sql_mode */ ;
/*!50003 SET character_set_client  = @saved_cs_client */ ;
/*!50003 SET character_set_results = @saved_cs_results */ ;
/*!50003 SET collation_connection  = @saved_col_connection */ ;
/*!50003 DROP PROCEDURE IF EXISTS `sp_obtenerUsuarioPorId` */;
/*!50003 SET @saved_cs_client      = @@character_set_client */ ;
/*!50003 SET @saved_cs_results     = @@character_set_results */ ;
/*!50003 SET @saved_col_connection = @@collation_connection */ ;
/*!50003 SET character_set_client  = utf8mb4 */ ;
/*!50003 SET character_set_results = utf8mb4 */ ;
/*!50003 SET collation_connection  = utf8mb4_0900_ai_ci */ ;
/*!50003 SET @saved_sql_mode       = @@sql_mode */ ;
/*!50003 SET sql_mode              = 'ONLY_FULL_GROUP_BY,STRICT_TRANS_TABLES,NO_ZERO_IN_DATE,NO_ZERO_DATE,ERROR_FOR_DIVISION_BY_ZERO,NO_ENGINE_SUBSTITUTION' */ ;
DELIMITER ;;
CREATE DEFINER=`root`@`localhost` PROCEDURE `sp_obtenerUsuarioPorId`(
    IN p_idUsuario INT
)
BEGIN
    SELECT 
        u.idUsuario, 
        u.username, 
        u.clave, 
        u.idTipo, 
        t.descripcion AS tipoUsuario 
    FROM Usuarios u 
    INNER JOIN TiposUsuario t ON u.idTipo = t.idTipo 
    WHERE u.idUsuario = p_idUsuario;
END ;;
DELIMITER ;
/*!50003 SET sql_mode              = @saved_sql_mode */ ;
/*!50003 SET character_set_client  = @saved_cs_client */ ;
/*!50003 SET character_set_results = @saved_cs_results */ ;
/*!50003 SET collation_connection  = @saved_col_connection */ ;
/*!50003 DROP PROCEDURE IF EXISTS `sp_obtenerUsuariosConTipo` */;
/*!50003 SET @saved_cs_client      = @@character_set_client */ ;
/*!50003 SET @saved_cs_results     = @@character_set_results */ ;
/*!50003 SET @saved_col_connection = @@collation_connection */ ;
/*!50003 SET character_set_client  = utf8mb4 */ ;
/*!50003 SET character_set_results = utf8mb4 */ ;
/*!50003 SET collation_connection  = utf8mb4_0900_ai_ci */ ;
/*!50003 SET @saved_sql_mode       = @@sql_mode */ ;
/*!50003 SET sql_mode              = 'ONLY_FULL_GROUP_BY,STRICT_TRANS_TABLES,NO_ZERO_IN_DATE,NO_ZERO_DATE,ERROR_FOR_DIVISION_BY_ZERO,NO_ENGINE_SUBSTITUTION' */ ;
DELIMITER ;;
CREATE DEFINER=`root`@`localhost` PROCEDURE `sp_obtenerUsuariosConTipo`()
BEGIN
    SELECT 
        u.idUsuario, 
        u.username, 
        u.clave, 
        u.idTipo, 
        t.descripcion AS tipoUsuario 
    FROM Usuarios u 
    INNER JOIN TiposUsuario t ON u.idTipo = t.idTipo;
END ;;
DELIMITER ;
/*!50003 SET sql_mode              = @saved_sql_mode */ ;
/*!50003 SET character_set_client  = @saved_cs_client */ ;
/*!50003 SET character_set_results = @saved_cs_results */ ;
/*!50003 SET collation_connection  = @saved_col_connection */ ;
/*!50003 DROP PROCEDURE IF EXISTS `sp_obtenerVeterinario` */;
/*!50003 SET @saved_cs_client      = @@character_set_client */ ;
/*!50003 SET @saved_cs_results     = @@character_set_results */ ;
/*!50003 SET @saved_col_connection = @@collation_connection */ ;
/*!50003 SET character_set_client  = utf8mb4 */ ;
/*!50003 SET character_set_results = utf8mb4 */ ;
/*!50003 SET collation_connection  = utf8mb4_0900_ai_ci */ ;
/*!50003 SET @saved_sql_mode       = @@sql_mode */ ;
/*!50003 SET sql_mode              = 'ONLY_FULL_GROUP_BY,STRICT_TRANS_TABLES,NO_ZERO_IN_DATE,NO_ZERO_DATE,ERROR_FOR_DIVISION_BY_ZERO,NO_ENGINE_SUBSTITUTION' */ ;
DELIMITER ;;
CREATE DEFINER=`root`@`localhost` PROCEDURE `sp_obtenerVeterinario`(IN p_id INT)
BEGIN
    SELECT v.idVet, v.codVet, v.nombreVet, v.codEsp,
           v.telefono, v.edad, v.correo,
           e.descripcion AS nomEspecialidad
    FROM Veterinario v 
    INNER JOIN Especialidad e ON v.codEsp = e.codEsp
    WHERE v.idVet = p_id;
END ;;
DELIMITER ;
/*!50003 SET sql_mode              = @saved_sql_mode */ ;
/*!50003 SET character_set_client  = @saved_cs_client */ ;
/*!50003 SET character_set_results = @saved_cs_results */ ;
/*!50003 SET collation_connection  = @saved_col_connection */ ;
/*!50003 DROP PROCEDURE IF EXISTS `sp_registrarCita` */;
/*!50003 SET @saved_cs_client      = @@character_set_client */ ;
/*!50003 SET @saved_cs_results     = @@character_set_results */ ;
/*!50003 SET @saved_col_connection = @@collation_connection */ ;
/*!50003 SET character_set_client  = utf8mb4 */ ;
/*!50003 SET character_set_results = utf8mb4 */ ;
/*!50003 SET collation_connection  = utf8mb4_0900_ai_ci */ ;
/*!50003 SET @saved_sql_mode       = @@sql_mode */ ;
/*!50003 SET sql_mode              = 'ONLY_FULL_GROUP_BY,STRICT_TRANS_TABLES,NO_ZERO_IN_DATE,NO_ZERO_DATE,ERROR_FOR_DIVISION_BY_ZERO,NO_ENGINE_SUBSTITUTION' */ ;
DELIMITER ;;
CREATE DEFINER=`root`@`localhost` PROCEDURE `sp_registrarCita`(
    IN p_idMascota INT,
    IN p_idVet INT,
    IN p_idTipoServicio INT,
    IN p_fecha DATE,
    IN p_hora TIME,
    IN p_motivo TEXT,
    IN p_obs TEXT
)
BEGIN
    INSERT INTO Cita(idMascota, idVet, idTipoServicio, fechaCita, horaCita, motivo, observaciones)
    VALUES (p_idMascota, p_idVet, p_idTipoServicio, p_fecha, p_hora, p_motivo, p_obs);
END ;;
DELIMITER ;
/*!50003 SET sql_mode              = @saved_sql_mode */ ;
/*!50003 SET character_set_client  = @saved_cs_client */ ;
/*!50003 SET character_set_results = @saved_cs_results */ ;
/*!50003 SET collation_connection  = @saved_col_connection */ ;
/*!50003 DROP PROCEDURE IF EXISTS `sp_registrarCliente` */;
/*!50003 SET @saved_cs_client      = @@character_set_client */ ;
/*!50003 SET @saved_cs_results     = @@character_set_results */ ;
/*!50003 SET @saved_col_connection = @@collation_connection */ ;
/*!50003 SET character_set_client  = utf8mb4 */ ;
/*!50003 SET character_set_results = utf8mb4 */ ;
/*!50003 SET collation_connection  = utf8mb4_0900_ai_ci */ ;
/*!50003 SET @saved_sql_mode       = @@sql_mode */ ;
/*!50003 SET sql_mode              = 'ONLY_FULL_GROUP_BY,STRICT_TRANS_TABLES,NO_ZERO_IN_DATE,NO_ZERO_DATE,ERROR_FOR_DIVISION_BY_ZERO,NO_ENGINE_SUBSTITUTION' */ ;
DELIMITER ;;
CREATE DEFINER=`root`@`localhost` PROCEDURE `sp_registrarCliente`(
    IN p_dni VARCHAR(8),
    IN p_nombre VARCHAR(100),
    IN p_apellido VARCHAR(100),
    IN p_telf VARCHAR(20),
    IN p_dir VARCHAR(200),
    IN p_correo VARCHAR(100)
)
BEGIN
    INSERT INTO Cliente(dni, nombreCliente, apellidoCliente, telefono, direccion, correo)
    VALUES (p_dni, p_nombre, p_apellido, p_telf, p_dir, p_correo);
END ;;
DELIMITER ;
/*!50003 SET sql_mode              = @saved_sql_mode */ ;
/*!50003 SET character_set_client  = @saved_cs_client */ ;
/*!50003 SET character_set_results = @saved_cs_results */ ;
/*!50003 SET collation_connection  = @saved_col_connection */ ;
/*!50003 DROP PROCEDURE IF EXISTS `sp_registrarHistorial` */;
/*!50003 SET @saved_cs_client      = @@character_set_client */ ;
/*!50003 SET @saved_cs_results     = @@character_set_results */ ;
/*!50003 SET @saved_col_connection = @@collation_connection */ ;
/*!50003 SET character_set_client  = utf8mb4 */ ;
/*!50003 SET character_set_results = utf8mb4 */ ;
/*!50003 SET collation_connection  = utf8mb4_0900_ai_ci */ ;
/*!50003 SET @saved_sql_mode       = @@sql_mode */ ;
/*!50003 SET sql_mode              = 'ONLY_FULL_GROUP_BY,STRICT_TRANS_TABLES,NO_ZERO_IN_DATE,NO_ZERO_DATE,ERROR_FOR_DIVISION_BY_ZERO,NO_ENGINE_SUBSTITUTION' */ ;
DELIMITER ;;
CREATE DEFINER=`root`@`localhost` PROCEDURE `sp_registrarHistorial`(
    IN p_idCita INT,
    IN p_diagnostico TEXT,
    IN p_tratamiento TEXT,
    IN p_receta TEXT,
    IN p_proximaCita DATE
)
BEGIN
    INSERT INTO HistorialClinico(idCita, diagnostico, tratamiento, receta, proximaCita)
    VALUES (p_idCita, p_diagnostico, p_tratamiento, p_receta, p_proximaCita);
END ;;
DELIMITER ;
/*!50003 SET sql_mode              = @saved_sql_mode */ ;
/*!50003 SET character_set_client  = @saved_cs_client */ ;
/*!50003 SET character_set_results = @saved_cs_results */ ;
/*!50003 SET collation_connection  = @saved_col_connection */ ;
/*!50003 DROP PROCEDURE IF EXISTS `sp_registrarMascota` */;
/*!50003 SET @saved_cs_client      = @@character_set_client */ ;
/*!50003 SET @saved_cs_results     = @@character_set_results */ ;
/*!50003 SET @saved_col_connection = @@collation_connection */ ;
/*!50003 SET character_set_client  = utf8mb4 */ ;
/*!50003 SET character_set_results = utf8mb4 */ ;
/*!50003 SET collation_connection  = utf8mb4_0900_ai_ci */ ;
/*!50003 SET @saved_sql_mode       = @@sql_mode */ ;
/*!50003 SET sql_mode              = 'ONLY_FULL_GROUP_BY,STRICT_TRANS_TABLES,NO_ZERO_IN_DATE,NO_ZERO_DATE,ERROR_FOR_DIVISION_BY_ZERO,NO_ENGINE_SUBSTITUTION' */ ;
DELIMITER ;;
CREATE DEFINER=`root`@`localhost` PROCEDURE `sp_registrarMascota`(
    IN p_nombre VARCHAR(100),
    IN p_idEspecie INT,
    IN p_raza VARCHAR(100),
    IN p_edad INT,
    IN p_peso DECIMAL(5,2),
    IN p_idCliente INT,
    IN p_obs TEXT
)
BEGIN
    INSERT INTO Mascota(nombreMascota, idEspecie, raza, edad, peso, idCliente, observaciones)
    VALUES (p_nombre, p_idEspecie, p_raza, p_edad, p_peso, p_idCliente, p_obs);
END ;;
DELIMITER ;
/*!50003 SET sql_mode              = @saved_sql_mode */ ;
/*!50003 SET character_set_client  = @saved_cs_client */ ;
/*!50003 SET character_set_results = @saved_cs_results */ ;
/*!50003 SET collation_connection  = @saved_col_connection */ ;
/*!50003 DROP PROCEDURE IF EXISTS `sp_registrarVeterinario` */;
/*!50003 SET @saved_cs_client      = @@character_set_client */ ;
/*!50003 SET @saved_cs_results     = @@character_set_results */ ;
/*!50003 SET @saved_col_connection = @@collation_connection */ ;
/*!50003 SET character_set_client  = utf8mb4 */ ;
/*!50003 SET character_set_results = utf8mb4 */ ;
/*!50003 SET collation_connection  = utf8mb4_0900_ai_ci */ ;
/*!50003 SET @saved_sql_mode       = @@sql_mode */ ;
/*!50003 SET sql_mode              = 'ONLY_FULL_GROUP_BY,STRICT_TRANS_TABLES,NO_ZERO_IN_DATE,NO_ZERO_DATE,ERROR_FOR_DIVISION_BY_ZERO,NO_ENGINE_SUBSTITUTION' */ ;
DELIMITER ;;
CREATE DEFINER=`root`@`localhost` PROCEDURE `sp_registrarVeterinario`(
    IN p_codVet VARCHAR(5),
    IN p_nomVet VARCHAR(100),
    IN p_codEsp VARCHAR(5),
    IN p_telf VARCHAR(20),
    IN p_edad INT,
    IN p_correo VARCHAR(100)
)
BEGIN
    INSERT INTO Veterinario(codVet, nombreVet, codEsp, telefono, edad, correo)
    VALUES (p_codVet, p_nomVet, p_codEsp, p_telf, p_edad, p_correo);
END ;;
DELIMITER ;
/*!50003 SET sql_mode              = @saved_sql_mode */ ;
/*!50003 SET character_set_client  = @saved_cs_client */ ;
/*!50003 SET character_set_results = @saved_cs_results */ ;
/*!50003 SET collation_connection  = @saved_col_connection */ ;
/*!50003 DROP PROCEDURE IF EXISTS `sp_validarUsuario` */;
/*!50003 SET @saved_cs_client      = @@character_set_client */ ;
/*!50003 SET @saved_cs_results     = @@character_set_results */ ;
/*!50003 SET @saved_col_connection = @@collation_connection */ ;
/*!50003 SET character_set_client  = utf8mb4 */ ;
/*!50003 SET character_set_results = utf8mb4 */ ;
/*!50003 SET collation_connection  = utf8mb4_0900_ai_ci */ ;
/*!50003 SET @saved_sql_mode       = @@sql_mode */ ;
/*!50003 SET sql_mode              = 'ONLY_FULL_GROUP_BY,STRICT_TRANS_TABLES,NO_ZERO_IN_DATE,NO_ZERO_DATE,ERROR_FOR_DIVISION_BY_ZERO,NO_ENGINE_SUBSTITUTION' */ ;
DELIMITER ;;
CREATE DEFINER=`root`@`localhost` PROCEDURE `sp_validarUsuario`(
    IN p_username VARCHAR(100),
    IN p_clave VARCHAR(255)
)
BEGIN
    SELECT 
        u.idUsuario, 
        u.username, 
        u.clave, 
        u.idTipo, 
        t.descripcion AS tipoUsuario 
    FROM Usuarios u 
    INNER JOIN TiposUsuario t ON u.idTipo = t.idTipo
    WHERE u.username = p_username AND u.clave = p_clave;
END ;;
DELIMITER ;
/*!50003 SET sql_mode              = @saved_sql_mode */ ;
/*!50003 SET character_set_client  = @saved_cs_client */ ;
/*!50003 SET character_set_results = @saved_cs_results */ ;
/*!50003 SET collation_connection  = @saved_col_connection */ ;
/*!40103 SET TIME_ZONE=@OLD_TIME_ZONE */;

/*!40101 SET SQL_MODE=@OLD_SQL_MODE */;
/*!40014 SET FOREIGN_KEY_CHECKS=@OLD_FOREIGN_KEY_CHECKS */;
/*!40014 SET UNIQUE_CHECKS=@OLD_UNIQUE_CHECKS */;
/*!40101 SET CHARACTER_SET_CLIENT=@OLD_CHARACTER_SET_CLIENT */;
/*!40101 SET CHARACTER_SET_RESULTS=@OLD_CHARACTER_SET_RESULTS */;
/*!40101 SET COLLATION_CONNECTION=@OLD_COLLATION_CONNECTION */;
/*!40111 SET SQL_NOTES=@OLD_SQL_NOTES */;

-- Dump completed on 2026-06-23  0:15:40
